,Time (s),label,Step,Duration,StepDuration,label_start,label_end
0,0.0,Salsa,,240,0,1592326800000000000,1592326801000000000
1,1.0,Salsa,,240,1,1592326801000000000,1592326802000000000
2,2.0,Salsa,,240,2,1592326802000000000,1592326803000000000
3,3.0,Salsa,,240,3,1592326803000000000,1592326804000000000
4,4.0,Salsa,,240,4,1592326804000000000,1592326805000000000
5,5.0,Salsa,,240,5,1592326805000000000,1592326806000000000
6,6.0,Salsa,,240,6,1592326806000000000,1592326807000000000
7,7.0,Salsa,,240,7,1592326807000000000,1592326808000000000
8,8.0,Salsa,,240,8,1592326808000000000,1592326809000000000
9,9.0,Salsa,,240,9,1592326809000000000,1592326810000000000
10,10.0,Salsa,,240,10,1592326810000000000,1592326811000000000
11,11.0,Salsa,,240,11,1592326811000000000,1592326812000000000
12,12.0,Salsa,,240,12,1592326812000000000,1592326813000000000
13,13.0,Salsa,,240,13,1592326813000000000,1592326814000000000
14,14.0,Salsa,,240,14,1592326814000000000,1592326815000000000
15,15.0,Salsa,,240,15,1592326815000000000,1592326816000000000
16,16.0,Salsa,,240,16,1592326816000000000,1592326817000000000
17,17.0,Salsa,,240,17,1592326817000000000,1592326818000000000
18,18.0,Salsa,,240,18,1592326818000000000,1592326819000000000
19,19.0,Salsa,,240,19,1592326819000000000,1592326820000000000
20,20.0,Salsa,,240,20,1592326820000000000,1592326821000000000
21,21.0,Salsa,,240,21,1592326821000000000,1592326822000000000
22,22.0,Salsa,,240,22,1592326822000000000,1592326823000000000
23,23.0,Salsa,,240,23,1592326823000000000,1592326824000000000
24,24.0,Salsa,,240,24,1592326824000000000,1592326825000000000
25,25.0,Salsa,,240,25,1592326825000000000,1592326826000000000
26,26.0,Salsa,,240,26,1592326826000000000,1592326827000000000
27,27.0,Salsa,,240,27,1592326827000000000,1592326828000000000
28,28.0,Salsa,,240,28,1592326828000000000,1592326829000000000
29,29.0,Salsa,,240,29,1592326829000000000,1592326830000000000
30,30.0,Salsa,,240,30,1592326830000000000,1592326831000000000
31,31.0,Salsa,,240,31,1592326831000000000,1592326832000000000
32,32.0,Salsa,,240,32,1592326832000000000,1592326833000000000
33,33.0,Salsa,,240,33,1592326833000000000,1592326834000000000
34,34.0,Salsa,,240,34,1592326834000000000,1592326835000000000
35,35.0,Salsa,,240,35,1592326835000000000,1592326836000000000
36,36.0,Salsa,,240,36,1592326836000000000,1592326837000000000
37,37.0,Salsa,,240,37,1592326837000000000,1592326838000000000
38,38.0,Salsa,,240,38,1592326838000000000,1592326839000000000
39,39.0,Salsa,,240,39,1592326839000000000,1592326840000000000
40,40.0,Salsa,,240,40,1592326840000000000,1592326841000000000
41,41.0,Salsa,,240,41,1592326841000000000,1592326842000000000
42,42.0,Salsa,,240,42,1592326842000000000,1592326843000000000
43,43.0,Salsa,,240,43,1592326843000000000,1592326844000000000
44,44.0,Salsa,,240,44,1592326844000000000,1592326845000000000
45,45.0,Salsa,,240,45,1592326845000000000,1592326846000000000
46,46.0,Salsa,,240,46,1592326846000000000,1592326847000000000
47,47.0,Salsa,,240,47,1592326847000000000,1592326848000000000
48,48.0,Salsa,,240,48,1592326848000000000,1592326849000000000
49,49.0,Salsa,,240,49,1592326849000000000,1592326850000000000
50,50.0,Salsa,,240,50,1592326850000000000,1592326851000000000
51,51.0,Salsa,,240,51,1592326851000000000,1592326852000000000
52,52.0,Salsa,,240,52,1592326852000000000,1592326853000000000
53,53.0,Salsa,,240,53,1592326853000000000,1592326854000000000
54,54.0,Salsa,,240,54,1592326854000000000,1592326855000000000
55,55.0,Salsa,,240,55,1592326855000000000,1592326856000000000
56,56.0,Salsa,,240,56,1592326856000000000,1592326857000000000
57,57.0,Salsa,,240,57,1592326857000000000,1592326858000000000
58,58.0,Salsa,,240,58,1592326858000000000,1592326859000000000
59,59.0,Salsa,,240,59,1592326859000000000,1592326860000000000
60,60.0,Salsa,,240,60,1592326860000000000,1592326861000000000
61,61.0,Salsa,,240,61,1592326861000000000,1592326862000000000
62,62.0,Salsa,,240,62,1592326862000000000,1592326863000000000
63,63.0,Salsa,,240,63,1592326863000000000,1592326864000000000
64,64.0,Salsa,,240,64,1592326864000000000,1592326865000000000
65,65.0,Salsa,,240,65,1592326865000000000,1592326866000000000
66,66.0,Salsa,,240,66,1592326866000000000,1592326867000000000
67,67.0,Salsa,,240,67,1592326867000000000,1592326868000000000
68,68.0,Salsa,,240,68,1592326868000000000,1592326869000000000
69,69.0,Salsa,,240,69,1592326869000000000,1592326870000000000
70,70.0,Salsa,,240,70,1592326870000000000,1592326871000000000
71,71.0,Salsa,,240,71,1592326871000000000,1592326872000000000
72,72.0,Salsa,,240,72,1592326872000000000,1592326873000000000
73,73.0,Salsa,,240,73,1592326873000000000,1592326874000000000
74,74.0,Salsa,,240,74,1592326874000000000,1592326875000000000
75,75.0,Salsa,,240,75,1592326875000000000,1592326876000000000
76,76.0,Salsa,,240,76,1592326876000000000,1592326877000000000
77,77.0,Salsa,,240,77,1592326877000000000,1592326878000000000
78,78.0,Salsa,,240,78,1592326878000000000,1592326879000000000
79,79.0,Salsa,,240,79,1592326879000000000,1592326880000000000
80,80.0,Salsa,,240,80,1592326880000000000,1592326881000000000
81,81.0,Salsa,,240,81,1592326881000000000,1592326882000000000
82,82.0,Salsa,,240,82,1592326882000000000,1592326883000000000
83,83.0,Salsa,,240,83,1592326883000000000,1592326884000000000
84,84.0,Salsa,,240,84,1592326884000000000,1592326885000000000
85,85.0,Salsa,,240,85,1592326885000000000,1592326886000000000
86,86.0,Salsa,,240,86,1592326886000000000,1592326887000000000
87,87.0,Salsa,,240,87,1592326887000000000,1592326888000000000
88,88.0,Salsa,,240,88,1592326888000000000,1592326889000000000
89,89.0,Salsa,,240,89,1592326889000000000,1592326890000000000
90,90.0,Salsa,,240,90,1592326890000000000,1592326891000000000
91,91.0,Salsa,,240,91,1592326891000000000,1592326892000000000
92,92.0,Salsa,,240,92,1592326892000000000,1592326893000000000
93,93.0,Salsa,,240,93,1592326893000000000,1592326894000000000
94,94.0,Salsa,,240,94,1592326894000000000,1592326895000000000
95,95.0,Salsa,,240,95,1592326895000000000,1592326896000000000
96,96.0,Salsa,,240,96,1592326896000000000,1592326897000000000
97,97.0,Salsa,,240,97,1592326897000000000,1592326898000000000
98,98.0,Salsa,,240,98,1592326898000000000,1592326899000000000
99,99.0,Salsa,,240,99,1592326899000000000,1592326900000000000
100,100.0,Salsa,,240,100,1592326900000000000,1592326901000000000
101,101.0,Salsa,,240,101,1592326901000000000,1592326902000000000
102,102.0,Salsa,,240,102,1592326902000000000,1592326903000000000
103,103.0,Salsa,,240,103,1592326903000000000,1592326904000000000
104,104.0,Salsa,,240,104,1592326904000000000,1592326905000000000
105,105.0,Salsa,,240,105,1592326905000000000,1592326906000000000
106,106.0,Salsa,,240,106,1592326906000000000,1592326907000000000
107,107.0,Salsa,,240,107,1592326907000000000,1592326908000000000
108,108.0,Salsa,,240,108,1592326908000000000,1592326909000000000
109,109.0,Salsa,,240,109,1592326909000000000,1592326910000000000
110,110.0,Salsa,,240,110,1592326910000000000,1592326911000000000
111,111.0,Salsa,,240,111,1592326911000000000,1592326912000000000
112,112.0,Salsa,,240,112,1592326912000000000,1592326913000000000
113,113.0,Salsa,,240,113,1592326913000000000,1592326914000000000
114,114.0,Salsa,,240,114,1592326914000000000,1592326915000000000
115,115.0,Salsa,,240,115,1592326915000000000,1592326916000000000
116,116.0,Salsa,,240,116,1592326916000000000,1592326917000000000
117,117.0,Salsa,,240,117,1592326917000000000,1592326918000000000
118,118.0,Salsa,,240,118,1592326918000000000,1592326919000000000
119,119.0,Salsa,,240,119,1592326919000000000,1592326920000000000
120,120.0,Salsa,,240,120,1592326920000000000,1592326921000000000
121,121.0,Salsa,,240,121,1592326921000000000,1592326922000000000
122,122.0,Salsa,,240,122,1592326922000000000,1592326923000000000
123,123.0,Salsa,,240,123,1592326923000000000,1592326924000000000
124,124.0,Salsa,,240,124,1592326924000000000,1592326925000000000
125,125.0,Salsa,,240,125,1592326925000000000,1592326926000000000
126,126.0,Salsa,,240,126,1592326926000000000,1592326927000000000
127,127.0,Salsa,,240,127,1592326927000000000,1592326928000000000
128,128.0,Salsa,,240,128,1592326928000000000,1592326929000000000
129,129.0,Salsa,,240,129,1592326929000000000,1592326930000000000
130,130.0,Salsa,,240,130,1592326930000000000,1592326931000000000
131,131.0,Salsa,,240,131,1592326931000000000,1592326932000000000
132,132.0,Salsa,,240,132,1592326932000000000,1592326933000000000
133,133.0,Salsa,,240,133,1592326933000000000,1592326934000000000
134,134.0,Salsa,,240,134,1592326934000000000,1592326935000000000
135,135.0,Salsa,,240,135,1592326935000000000,1592326936000000000
136,136.0,Salsa,,240,136,1592326936000000000,1592326937000000000
137,137.0,Salsa,,240,137,1592326937000000000,1592326938000000000
138,138.0,Salsa,,240,138,1592326938000000000,1592326939000000000
139,139.0,Salsa,,240,139,1592326939000000000,1592326940000000000
140,140.0,Salsa,,240,140,1592326940000000000,1592326941000000000
141,141.0,Salsa,,240,141,1592326941000000000,1592326942000000000
142,142.0,Salsa,,240,142,1592326942000000000,1592326943000000000
143,143.0,Salsa,,240,143,1592326943000000000,1592326944000000000
144,144.0,Salsa,,240,144,1592326944000000000,1592326945000000000
145,145.0,Salsa,,240,145,1592326945000000000,1592326946000000000
146,146.0,Salsa,,240,146,1592326946000000000,1592326947000000000
147,147.0,Salsa,,240,147,1592326947000000000,1592326948000000000
148,148.0,Salsa,,240,148,1592326948000000000,1592326949000000000
149,149.0,Salsa,,240,149,1592326949000000000,1592326950000000000
150,150.0,Salsa,,240,150,1592326950000000000,1592326951000000000
151,151.0,Salsa,,240,151,1592326951000000000,1592326952000000000
152,152.0,Salsa,,240,152,1592326952000000000,1592326953000000000
153,153.0,Salsa,,240,153,1592326953000000000,1592326954000000000
154,154.0,Salsa,,240,154,1592326954000000000,1592326955000000000
155,155.0,Salsa,,240,155,1592326955000000000,1592326956000000000
156,156.0,Salsa,,240,156,1592326956000000000,1592326957000000000
157,157.0,Salsa,,240,157,1592326957000000000,1592326958000000000
158,158.0,Salsa,,240,158,1592326958000000000,1592326959000000000
159,159.0,Salsa,,240,159,1592326959000000000,1592326960000000000
160,160.0,Salsa,,240,160,1592326960000000000,1592326961000000000
161,161.0,Salsa,,240,161,1592326961000000000,1592326962000000000
162,162.0,Salsa,,240,162,1592326962000000000,1592326963000000000
163,163.0,Salsa,,240,163,1592326963000000000,1592326964000000000
164,164.0,Salsa,,240,164,1592326964000000000,1592326965000000000
165,165.0,Salsa,,240,165,1592326965000000000,1592326966000000000
166,166.0,Salsa,,240,166,1592326966000000000,1592326967000000000
167,167.0,Salsa,,240,167,1592326967000000000,1592326968000000000
168,168.0,Salsa,,240,168,1592326968000000000,1592326969000000000
169,169.0,Salsa,,240,169,1592326969000000000,1592326970000000000
170,170.0,Salsa,,240,170,1592326970000000000,1592326971000000000
171,171.0,Salsa,,240,171,1592326971000000000,1592326972000000000
172,172.0,Salsa,,240,172,1592326972000000000,1592326973000000000
173,173.0,Salsa,,240,173,1592326973000000000,1592326974000000000
174,174.0,Salsa,,240,174,1592326974000000000,1592326975000000000
175,175.0,Salsa,,240,175,1592326975000000000,1592326976000000000
176,176.0,Salsa,,240,176,1592326976000000000,1592326977000000000
177,177.0,Salsa,,240,177,1592326977000000000,1592326978000000000
178,178.0,Salsa,,240,178,1592326978000000000,1592326979000000000
179,179.0,Salsa,,240,179,1592326979000000000,1592326980000000000
180,180.0,Salsa,,240,180,1592326980000000000,1592326981000000000
181,181.0,Salsa,,240,181,1592326981000000000,1592326982000000000
182,182.0,Salsa,,240,182,1592326982000000000,1592326983000000000
183,183.0,Salsa,,240,183,1592326983000000000,1592326984000000000
184,184.0,Salsa,,240,184,1592326984000000000,1592326985000000000
185,185.0,Salsa,,240,185,1592326985000000000,1592326986000000000
186,186.0,Salsa,,240,186,1592326986000000000,1592326987000000000
187,187.0,Salsa,,240,187,1592326987000000000,1592326988000000000
188,188.0,Salsa,,240,188,1592326988000000000,1592326989000000000
189,189.0,Salsa,,240,189,1592326989000000000,1592326990000000000
190,190.0,Salsa,,240,190,1592326990000000000,1592326991000000000
191,191.0,Salsa,,240,191,1592326991000000000,1592326992000000000
192,192.0,Salsa,,240,192,1592326992000000000,1592326993000000000
193,193.0,Salsa,,240,193,1592326993000000000,1592326994000000000
194,194.0,Salsa,,240,194,1592326994000000000,1592326995000000000
195,195.0,Salsa,,240,195,1592326995000000000,1592326996000000000
196,196.0,Salsa,,240,196,1592326996000000000,1592326997000000000
197,197.0,Salsa,,240,197,1592326997000000000,1592326998000000000
198,198.0,Salsa,,240,198,1592326998000000000,1592326999000000000
199,199.0,Salsa,,240,199,1592326999000000000,1592327000000000000
200,200.0,Salsa,,240,200,1592327000000000000,1592327001000000000
201,201.0,Salsa,,240,201,1592327001000000000,1592327002000000000
202,202.0,Salsa,,240,202,1592327002000000000,1592327003000000000
203,203.0,Salsa,,240,203,1592327003000000000,1592327004000000000
204,204.0,Salsa,,240,204,1592327004000000000,1592327005000000000
205,205.0,Salsa,,240,205,1592327005000000000,1592327006000000000
206,206.0,Salsa,,240,206,1592327006000000000,1592327007000000000
207,207.0,Salsa,,240,207,1592327007000000000,1592327008000000000
208,208.0,Salsa,,240,208,1592327008000000000,1592327009000000000
209,209.0,Salsa,,240,209,1592327009000000000,1592327010000000000
210,210.0,Salsa,,240,210,1592327010000000000,1592327011000000000
211,211.0,Salsa,,240,211,1592327011000000000,1592327012000000000
212,212.0,Salsa,,240,212,1592327012000000000,1592327013000000000
213,213.0,Salsa,,240,213,1592327013000000000,1592327014000000000
214,214.0,Salsa,,240,214,1592327014000000000,1592327015000000000
215,215.0,Salsa,,240,215,1592327015000000000,1592327016000000000
216,216.0,Salsa,,240,216,1592327016000000000,1592327017000000000
217,217.0,Salsa,,240,217,1592327017000000000,1592327018000000000
218,218.0,Salsa,,240,218,1592327018000000000,1592327019000000000
219,219.0,Salsa,,240,219,1592327019000000000,1592327020000000000
220,220.0,Salsa,,240,220,1592327020000000000,1592327021000000000
221,221.0,Salsa,,240,221,1592327021000000000,1592327022000000000
222,222.0,Salsa,,240,222,1592327022000000000,1592327023000000000
223,223.0,Salsa,,240,223,1592327023000000000,1592327024000000000
224,224.0,Salsa,,240,224,1592327024000000000,1592327025000000000
225,225.0,Salsa,,240,225,1592327025000000000,1592327026000000000
226,226.0,Salsa,,240,226,1592327026000000000,1592327027000000000
227,227.0,Salsa,,240,227,1592327027000000000,1592327028000000000
228,228.0,Salsa,,240,228,1592327028000000000,1592327029000000000
229,229.0,Salsa,,240,229,1592327029000000000,1592327030000000000
230,230.0,Salsa,,240,230,1592327030000000000,1592327031000000000
231,231.0,Salsa,,240,231,1592327031000000000,1592327032000000000
232,232.0,Salsa,,240,232,1592327032000000000,1592327033000000000
233,233.0,Salsa,,240,233,1592327033000000000,1592327034000000000
234,234.0,Salsa,,240,234,1592327034000000000,1592327035000000000
235,235.0,Salsa,,240,235,1592327035000000000,1592327036000000000
236,236.0,Salsa,,240,236,1592327036000000000,1592327037000000000
237,237.0,Salsa,,240,237,1592327037000000000,1592327038000000000
238,238.0,Salsa,,240,238,1592327038000000000,1592327039000000000
239,239.0,Salsa,,240,239,1592327039000000000,1592327040000000000
240,240.10161980000004,Bachata,,240,0,1592327040000101120,1592327041000101120
241,241.10161980000004,Bachata,,240,1,1592327041000101120,1592327042000101120
242,242.10161980000004,Bachata,,240,2,1592327042000101120,1592327043000101120
243,243.10161980000004,Bachata,,240,3,1592327043000101120,1592327044000101120
244,244.10161980000004,Bachata,,240,4,1592327044000101120,1592327045000101120
245,245.10161980000004,Bachata,,240,5,1592327045000101120,1592327046000101120
246,246.10161980000004,Bachata,,240,6,1592327046000101120,1592327047000101120
247,247.10161980000004,Bachata,,240,7,1592327047000101120,1592327048000101120
248,248.10161980000004,Bachata,,240,8,1592327048000101120,1592327049000101120
249,249.10161980000004,Bachata,,240,9,1592327049000101120,1592327050000101120
250,250.10161980000004,Bachata,,240,10,1592327050000101120,1592327051000101120
251,251.10161980000004,Bachata,,240,11,1592327051000101120,1592327052000101120
252,252.10161980000004,Bachata,,240,12,1592327052000101120,1592327053000101120
253,253.10161980000004,Bachata,,240,13,1592327053000101120,1592327054000101120
254,254.10161980000004,Bachata,,240,14,1592327054000101120,1592327055000101120
255,255.10161980000004,Bachata,,240,15,1592327055000101120,1592327056000101120
256,256.10161980000004,Bachata,,240,16,1592327056000101120,1592327057000101120
257,257.10161980000004,Bachata,,240,17,1592327057000101120,1592327058000101120
258,258.10161980000004,Bachata,,240,18,1592327058000101120,1592327059000101120
259,259.10161980000004,Bachata,,240,19,1592327059000101120,1592327060000101120
260,260.10161980000004,Bachata,,240,20,1592327060000101120,1592327061000101120
261,261.10161980000004,Bachata,,240,21,1592327061000101120,1592327062000101120
262,262.10161980000004,Bachata,,240,22,1592327062000101120,1592327063000101120
263,263.10161980000004,Bachata,,240,23,1592327063000101120,1592327064000101120
264,264.10161980000004,Bachata,,240,24,1592327064000101120,1592327065000101120
265,265.10161980000004,Bachata,,240,25,1592327065000101120,1592327066000101120
266,266.10161980000004,Bachata,,240,26,1592327066000101120,1592327067000101120
267,267.10161980000004,Bachata,,240,27,1592327067000101120,1592327068000101120
268,268.10161980000004,Bachata,,240,28,1592327068000101120,1592327069000101120
269,269.10161980000004,Bachata,,240,29,1592327069000101120,1592327070000101120
270,270.10161980000004,Bachata,,240,30,1592327070000101120,1592327071000101120
271,271.10161980000004,Bachata,,240,31,1592327071000101120,1592327072000101120
272,272.10161980000004,Bachata,,240,32,1592327072000101120,1592327073000101120
273,273.10161980000004,Bachata,,240,33,1592327073000101120,1592327074000101120
274,274.10161980000004,Bachata,,240,34,1592327074000101120,1592327075000101120
275,275.10161980000004,Bachata,,240,35,1592327075000101120,1592327076000101120
276,276.10161980000004,Bachata,,240,36,1592327076000101120,1592327077000101120
277,277.10161980000004,Bachata,,240,37,1592327077000101120,1592327078000101120
278,278.10161980000004,Bachata,,240,38,1592327078000101120,1592327079000101120
279,279.10161980000004,Bachata,,240,39,1592327079000101120,1592327080000101120
280,280.10161980000004,Bachata,,240,40,1592327080000101120,1592327081000101120
281,281.10161980000004,Bachata,,240,41,1592327081000101120,1592327082000101120
282,282.1016198000001,Bachata,,240,42,1592327082000101120,1592327083000101120
283,283.1016198000001,Bachata,,240,43,1592327083000101120,1592327084000101120
284,284.1016198000001,Bachata,,240,44,1592327084000101120,1592327085000101120
285,285.1016198000001,Bachata,,240,45,1592327085000101120,1592327086000101120
286,286.1016198000001,Bachata,,240,46,1592327086000101120,1592327087000101120
287,287.1016198000001,Bachata,,240,47,1592327087000101120,1592327088000101120
288,288.1016198000001,Bachata,,240,48,1592327088000101120,1592327089000101120
289,289.1016198000001,Bachata,,240,49,1592327089000101120,1592327090000101120
290,290.1016198000001,Bachata,,240,50,1592327090000101120,1592327091000101120
291,291.1016198000001,Bachata,,240,51,1592327091000101120,1592327092000101120
292,292.1016198000001,Bachata,,240,52,1592327092000101120,1592327093000101120
293,293.1016198000001,Bachata,,240,53,1592327093000101120,1592327094000101120
294,294.1016198000001,Bachata,,240,54,1592327094000101120,1592327095000101120
295,295.1016198000001,Bachata,,240,55,1592327095000101120,1592327096000101120
296,296.1016198000001,Bachata,,240,56,1592327096000101120,1592327097000101120
297,297.1016198000001,Bachata,,240,57,1592327097000101120,1592327098000101120
298,298.1016198000001,Bachata,,240,58,1592327098000101120,1592327099000101120
299,299.1016198000001,Bachata,,240,59,1592327099000101120,1592327100000101120
300,300.1016198000001,Bachata,,240,60,1592327100000101120,1592327101000101120
301,301.1016198000001,Bachata,,240,61,1592327101000101120,1592327102000101120
302,302.1016198000001,Bachata,,240,62,1592327102000101120,1592327103000101120
303,303.1016198000001,Bachata,,240,63,1592327103000101120,1592327104000101120
304,304.1016198000001,Bachata,,240,64,1592327104000101120,1592327105000101120
305,305.1016198000001,Bachata,,240,65,1592327105000101120,1592327106000101120
306,306.1016198000001,Bachata,,240,66,1592327106000101120,1592327107000101120
307,307.1016198000001,Bachata,,240,67,1592327107000101120,1592327108000101120
308,308.1016198000001,Bachata,,240,68,1592327108000101120,1592327109000101120
309,309.1016198000001,Bachata,,240,69,1592327109000101120,1592327110000101120
310,310.1016198000001,Bachata,,240,70,1592327110000101120,1592327111000101120
311,311.1016198000001,Bachata,,240,71,1592327111000101120,1592327112000101120
312,312.1016198000001,Bachata,,240,72,1592327112000101120,1592327113000101120
313,313.1016198000001,Bachata,,240,73,1592327113000101120,1592327114000101120
314,314.1016198000001,Bachata,,240,74,1592327114000101120,1592327115000101120
315,315.1016198000001,Bachata,,240,75,1592327115000101120,1592327116000101120
316,316.1016198000001,Bachata,,240,76,1592327116000101120,1592327117000101120
317,317.1016198000001,Bachata,,240,77,1592327117000101120,1592327118000101120
318,318.1016198000001,Bachata,,240,78,1592327118000101120,1592327119000101120
319,319.1016198000001,Bachata,,240,79,1592327119000101120,1592327120000101120
320,320.1016198000001,Bachata,,240,80,1592327120000101120,1592327121000101120
321,321.1016198000001,Bachata,,240,81,1592327121000101120,1592327122000101120
322,322.1016198000001,Bachata,,240,82,1592327122000101120,1592327123000101120
323,323.1016198000001,Bachata,,240,83,1592327123000101120,1592327124000101120
324,324.1016198000001,Bachata,,240,84,1592327124000101120,1592327125000101120
325,325.1016198000001,Bachata,,240,85,1592327125000101120,1592327126000101120
326,326.1016198000001,Bachata,,240,86,1592327126000101120,1592327127000101120
327,327.1016198000001,Bachata,,240,87,1592327127000101120,1592327128000101120
328,328.1016198000001,Bachata,,240,88,1592327128000101120,1592327129000101120
329,329.1016198000001,Bachata,,240,89,1592327129000101120,1592327130000101120
330,330.1016198000001,Bachata,,240,90,1592327130000101120,1592327131000101120
331,331.1016198000001,Bachata,,240,91,1592327131000101120,1592327132000101120
332,332.1016198000001,Bachata,,240,92,1592327132000101120,1592327133000101120
333,333.1016198000001,Bachata,,240,93,1592327133000101120,1592327134000101120
334,334.1016198000001,Bachata,,240,94,1592327134000101120,1592327135000101120
335,335.1016198000001,Bachata,,240,95,1592327135000101120,1592327136000101120
336,336.1016198000001,Bachata,,240,96,1592327136000101120,1592327137000101120
337,337.1016198000001,Bachata,,240,97,1592327137000101120,1592327138000101120
338,338.1016198000001,Bachata,,240,98,1592327138000101120,1592327139000101120
339,339.1016198000001,Bachata,,240,99,1592327139000101120,1592327140000101120
340,340.1016198000001,Bachata,,240,100,1592327140000101120,1592327141000101120
341,341.1016198000001,Bachata,,240,101,1592327141000101120,1592327142000101120
342,342.1016198000001,Bachata,,240,102,1592327142000101120,1592327143000101120
343,343.1016198000001,Bachata,,240,103,1592327143000101120,1592327144000101120
344,344.1016198000001,Bachata,,240,104,1592327144000101120,1592327145000101120
345,345.1016198000001,Bachata,,240,105,1592327145000101120,1592327146000101120
346,346.1016198000001,Bachata,,240,106,1592327146000101120,1592327147000101120
347,347.1016198000001,Bachata,,240,107,1592327147000101120,1592327148000101120
348,348.1016198000001,Bachata,,240,108,1592327148000101120,1592327149000101120
349,349.1016198000001,Bachata,,240,109,1592327149000101120,1592327150000101120
350,350.1016198000001,Bachata,,240,110,1592327150000101120,1592327151000101120
351,351.1016198000001,Bachata,,240,111,1592327151000101120,1592327152000101120
352,352.1016198000001,Bachata,,240,112,1592327152000101120,1592327153000101120
353,353.1016198000001,Bachata,,240,113,1592327153000101120,1592327154000101120
354,354.1016198000001,Bachata,,240,114,1592327154000101120,1592327155000101120
355,355.1016198000001,Bachata,,240,115,1592327155000101120,1592327156000101120
356,356.1016198000001,Bachata,,240,116,1592327156000101120,1592327157000101120
357,357.1016198000001,Bachata,,240,117,1592327157000101120,1592327158000101120
358,358.1016198000001,Bachata,,240,118,1592327158000101120,1592327159000101120
359,359.1016198000001,Bachata,,240,119,1592327159000101120,1592327160000101120
360,360.1016198000001,Bachata,,240,120,1592327160000101120,1592327161000101120
361,361.1016198,Bachata,,240,121,1592327161000101120,1592327162000101120
362,362.1016198,Bachata,,240,122,1592327162000101120,1592327163000101120
363,363.1016198,Bachata,,240,123,1592327163000101120,1592327164000101120
364,364.1016198,Bachata,,240,124,1592327164000101120,1592327165000101120
365,365.1016198,Bachata,,240,125,1592327165000101120,1592327166000101120
366,366.1016198,Bachata,,240,126,1592327166000101120,1592327167000101120
367,367.1016198,Bachata,,240,127,1592327167000101120,1592327168000101120
368,368.1016198,Bachata,,240,128,1592327168000101120,1592327169000101120
369,369.1016198,Bachata,,240,129,1592327169000101120,1592327170000101120
370,370.1016198,Bachata,,240,130,1592327170000101120,1592327171000101120
371,371.1016198,Bachata,,240,131,1592327171000101120,1592327172000101120
372,372.1016198,Bachata,,240,132,1592327172000101120,1592327173000101120
373,373.1016198,Bachata,,240,133,1592327173000101120,1592327174000101120
374,374.1016198,Bachata,,240,134,1592327174000101120,1592327175000101120
375,375.1016198,Bachata,,240,135,1592327175000101120,1592327176000101120
376,376.1016198,Bachata,,240,136,1592327176000101120,1592327177000101120
377,377.1016198,Bachata,,240,137,1592327177000101120,1592327178000101120
378,378.1016198,Bachata,,240,138,1592327178000101120,1592327179000101120
379,379.1016198,Bachata,,240,139,1592327179000101120,1592327180000101120
380,380.1016198,Bachata,,240,140,1592327180000101120,1592327181000101120
381,381.1016198,Bachata,,240,141,1592327181000101120,1592327182000101120
382,382.1016198,Bachata,,240,142,1592327182000101120,1592327183000101120
383,383.1016198,Bachata,,240,143,1592327183000101120,1592327184000101120
384,384.1016198,Bachata,,240,144,1592327184000101120,1592327185000101120
385,385.1016198,Bachata,,240,145,1592327185000101120,1592327186000101120
386,386.1016198,Bachata,,240,146,1592327186000101120,1592327187000101120
387,387.1016198,Bachata,,240,147,1592327187000101120,1592327188000101120
388,388.1016198,Bachata,,240,148,1592327188000101120,1592327189000101120
389,389.1016198,Bachata,,240,149,1592327189000101120,1592327190000101120
390,390.1016198,Bachata,,240,150,1592327190000101120,1592327191000101120
391,391.1016198,Bachata,,240,151,1592327191000101120,1592327192000101120
392,392.1016198,Bachata,,240,152,1592327192000101120,1592327193000101120
393,393.1016198,Bachata,,240,153,1592327193000101120,1592327194000101120
394,394.1016198,Bachata,,240,154,1592327194000101120,1592327195000101120
395,395.1016198,Bachata,,240,155,1592327195000101120,1592327196000101120
396,396.1016198,Bachata,,240,156,1592327196000101120,1592327197000101120
397,397.1016198,Bachata,,240,157,1592327197000101120,1592327198000101120
398,398.1016198,Bachata,,240,158,1592327198000101120,1592327199000101120
399,399.1016198,Bachata,,240,159,1592327199000101120,1592327200000101120
400,400.1016198,Bachata,,240,160,1592327200000101120,1592327201000101120
401,401.1016198,Bachata,,240,161,1592327201000101120,1592327202000101120
402,402.1016198,Bachata,,240,162,1592327202000101120,1592327203000101120
403,403.1016198,Bachata,,240,163,1592327203000101120,1592327204000101120
404,404.1016198,Bachata,,240,164,1592327204000101120,1592327205000101120
405,405.1016198,Bachata,,240,165,1592327205000101120,1592327206000101120
406,406.1016198,Bachata,,240,166,1592327206000101120,1592327207000101120
407,407.1016198,Bachata,,240,167,1592327207000101120,1592327208000101120
408,408.1016198,Bachata,,240,168,1592327208000101120,1592327209000101120
409,409.1016198,Bachata,,240,169,1592327209000101120,1592327210000101120
410,410.1016198,Bachata,,240,170,1592327210000101120,1592327211000101120
411,411.1016198,Bachata,,240,171,1592327211000101120,1592327212000101120
412,412.1016198,Bachata,,240,172,1592327212000101120,1592327213000101120
413,413.1016198,Bachata,,240,173,1592327213000101120,1592327214000101120
414,414.1016198,Bachata,,240,174,1592327214000101120,1592327215000101120
415,415.1016198,Bachata,,240,175,1592327215000101120,1592327216000101120
416,416.1016198,Bachata,,240,176,1592327216000101120,1592327217000101120
417,417.1016198,Bachata,,240,177,1592327217000101120,1592327218000101120
418,418.1016198,Bachata,,240,178,1592327218000101120,1592327219000101120
419,419.1016198,Bachata,,240,179,1592327219000101120,1592327220000101120
420,420.1016198,Bachata,,240,180,1592327220000101120,1592327221000101120
421,421.1016198,Bachata,,240,181,1592327221000101120,1592327222000101120
422,422.1016198,Bachata,,240,182,1592327222000101120,1592327223000101120
423,423.1016198,Bachata,,240,183,1592327223000101120,1592327224000101120
424,424.1016198,Bachata,,240,184,1592327224000101120,1592327225000101120
425,425.1016198,Bachata,,240,185,1592327225000101120,1592327226000101120
426,426.1016198,Bachata,,240,186,1592327226000101120,1592327227000101120
427,427.1016198,Bachata,,240,187,1592327227000101120,1592327228000101120
428,428.1016198,Bachata,,240,188,1592327228000101120,1592327229000101120
429,429.1016198,Bachata,,240,189,1592327229000101120,1592327230000101120
430,430.1016198,Bachata,,240,190,1592327230000101120,1592327231000101120
431,431.1016198,Bachata,,240,191,1592327231000101120,1592327232000101120
432,432.1016198,Bachata,,240,192,1592327232000101120,1592327233000101120
433,433.1016198,Bachata,,240,193,1592327233000101120,1592327234000101120
434,434.1016198,Bachata,,240,194,1592327234000101120,1592327235000101120
435,435.1016198,Bachata,,240,195,1592327235000101120,1592327236000101120
436,436.1016198,Bachata,,240,196,1592327236000101120,1592327237000101120
437,437.1016198,Bachata,,240,197,1592327237000101120,1592327238000101120
438,438.1016198,Bachata,,240,198,1592327238000101120,1592327239000101120
439,439.1016198,Bachata,,240,199,1592327239000101120,1592327240000101120
440,440.1016198,Bachata,,240,200,1592327240000101120,1592327241000101120
441,441.1016198,Bachata,,240,201,1592327241000101120,1592327242000101120
442,442.1016198,Bachata,,240,202,1592327242000101120,1592327243000101120
443,443.1016198,Bachata,,240,203,1592327243000101120,1592327244000101120
444,444.1016198,Bachata,,240,204,1592327244000101120,1592327245000101120
445,445.1016198,Bachata,,240,205,1592327245000101120,1592327246000101120
446,446.1016198,Bachata,,240,206,1592327246000101120,1592327247000101120
447,447.1016198,Bachata,,240,207,1592327247000101120,1592327248000101120
448,448.1016198,Bachata,,240,208,1592327248000101120,1592327249000101120
449,449.1016198,Bachata,,240,209,1592327249000101120,1592327250000101120
450,450.1016198,Bachata,,240,210,1592327250000101120,1592327251000101120
451,451.1016198,Bachata,,240,211,1592327251000101120,1592327252000101120
452,452.1016198,Bachata,,240,212,1592327252000101120,1592327253000101120
453,453.1016198,Bachata,,240,213,1592327253000101120,1592327254000101120
454,454.1016198,Bachata,,240,214,1592327254000101120,1592327255000101120
455,455.1016198,Bachata,,240,215,1592327255000101120,1592327256000101120
456,456.1016198,Bachata,,240,216,1592327256000101120,1592327257000101120
457,457.1016198,Bachata,,240,217,1592327257000101120,1592327258000101120
458,458.1016198,Bachata,,240,218,1592327258000101120,1592327259000101120
459,459.1016198,Bachata,,240,219,1592327259000101120,1592327260000101120
460,460.1016198,Bachata,,240,220,1592327260000101120,1592327261000101120
461,461.1016198,Bachata,,240,221,1592327261000101120,1592327262000101120
462,462.1016198,Bachata,,240,222,1592327262000101120,1592327263000101120
463,463.1016198,Bachata,,240,223,1592327263000101120,1592327264000101120
464,464.1016198,Bachata,,240,224,1592327264000101120,1592327265000101120
465,465.1016198,Bachata,,240,225,1592327265000101120,1592327266000101120
466,466.1016198,Bachata,,240,226,1592327266000101120,1592327267000101120
467,467.1016198,Bachata,,240,227,1592327267000101120,1592327268000101120
468,468.1016198,Bachata,,240,228,1592327268000101120,1592327269000101120
469,469.1016198,Bachata,,240,229,1592327269000101120,1592327270000101120
470,470.1016198,Bachata,,240,230,1592327270000101120,1592327271000101120
471,471.1016198,Bachata,,240,231,1592327271000101120,1592327272000101120
472,472.1016198,Bachata,,240,232,1592327272000101120,1592327273000101120
473,473.1016198,Bachata,,240,233,1592327273000101120,1592327274000101120
474,474.1016198,Bachata,,240,234,1592327274000101120,1592327275000101120
475,475.1016198,Bachata,,240,235,1592327275000101120,1592327276000101120
476,476.1016198,Bachata,,240,236,1592327276000101120,1592327277000101120
477,477.1016198,Bachata,,240,237,1592327277000101120,1592327278000101120
478,478.1016198,Bachata,,240,238,1592327278000101120,1592327279000101120
479,479.1016198,Bachata,,240,239,1592327279000101120,1592327280000101120
480,480.1784752,Kizomba,,240,0,1592327280000178176,1592327281000178176
481,481.1784752,Kizomba,,240,1,1592327281000178176,1592327282000178176
482,482.1784752,Kizomba,,240,2,1592327282000178176,1592327283000178176
483,483.1784752,Kizomba,,240,3,1592327283000178176,1592327284000178176
484,484.1784752,Kizomba,,240,4,1592327284000178176,1592327285000178176
485,485.1784752,Kizomba,,240,5,1592327285000178176,1592327286000178176
486,486.1784752,Kizomba,,240,6,1592327286000178176,1592327287000178176
487,487.1784752,Kizomba,,240,7,1592327287000178176,1592327288000178176
488,488.1784752,Kizomba,,240,8,1592327288000178176,1592327289000178176
489,489.1784752,Kizomba,,240,9,1592327289000178176,1592327290000178176
490,490.1784752,Kizomba,,240,10,1592327290000178176,1592327291000178176
491,491.1784752,Kizomba,,240,11,1592327291000178176,1592327292000178176
492,492.1784752,Kizomba,,240,12,1592327292000178176,1592327293000178176
493,493.1784752,Kizomba,,240,13,1592327293000178176,1592327294000178176
494,494.1784752,Kizomba,,240,14,1592327294000178176,1592327295000178176
495,495.1784752,Kizomba,,240,15,1592327295000178176,1592327296000178176
496,496.1784752,Kizomba,,240,16,1592327296000178176,1592327297000178176
497,497.1784752,Kizomba,,240,17,1592327297000178176,1592327298000178176
498,498.1784752,Kizomba,,240,18,1592327298000178176,1592327299000178176
499,499.1784752,Kizomba,,240,19,1592327299000178176,1592327300000178176
500,500.1784752,Kizomba,,240,20,1592327300000178176,1592327301000178176
501,501.1784752,Kizomba,,240,21,1592327301000178176,1592327302000178176
502,502.1784752,Kizomba,,240,22,1592327302000178176,1592327303000178176
503,503.1784752,Kizomba,,240,23,1592327303000178176,1592327304000178176
504,504.1784752,Kizomba,,240,24,1592327304000178176,1592327305000178176
505,505.1784752,Kizomba,,240,25,1592327305000178176,1592327306000178176
506,506.1784752,Kizomba,,240,26,1592327306000178176,1592327307000178176
507,507.1784752,Kizomba,,240,27,1592327307000178176,1592327308000178176
508,508.1784752,Kizomba,,240,28,1592327308000178176,1592327309000178176
509,509.1784752,Kizomba,,240,29,1592327309000178176,1592327310000178176
510,510.1784752,Kizomba,,240,30,1592327310000178176,1592327311000178176
511,511.1784752,Kizomba,,240,31,1592327311000178176,1592327312000178176
512,512.1784752000002,Kizomba,,240,32,1592327312000178176,1592327313000178176
513,513.1784752000002,Kizomba,,240,33,1592327313000178176,1592327314000178176
514,514.1784752000002,Kizomba,,240,34,1592327314000178176,1592327315000178176
515,515.1784752000002,Kizomba,,240,35,1592327315000178176,1592327316000178176
516,516.1784752000002,Kizomba,,240,36,1592327316000178176,1592327317000178176
517,517.1784752000002,Kizomba,,240,37,1592327317000178176,1592327318000178176
518,518.1784752000002,Kizomba,,240,38,1592327318000178176,1592327319000178176
519,519.1784752000002,Kizomba,,240,39,1592327319000178176,1592327320000178176
520,520.1784752000002,Kizomba,,240,40,1592327320000178176,1592327321000178176
521,521.1784752000002,Kizomba,,240,41,1592327321000178176,1592327322000178176
522,522.1784752000002,Kizomba,,240,42,1592327322000178176,1592327323000178176
523,523.1784752000002,Kizomba,,240,43,1592327323000178176,1592327324000178176
524,524.1784752000002,Kizomba,,240,44,1592327324000178176,1592327325000178176
525,525.1784752000002,Kizomba,,240,45,1592327325000178176,1592327326000178176
526,526.1784752000002,Kizomba,,240,46,1592327326000178176,1592327327000178176
527,527.1784752000002,Kizomba,,240,47,1592327327000178176,1592327328000178176
528,528.1784752000002,Kizomba,,240,48,1592327328000178176,1592327329000178176
529,529.1784752000002,Kizomba,,240,49,1592327329000178176,1592327330000178176
530,530.1784752000002,Kizomba,,240,50,1592327330000178176,1592327331000178176
531,531.1784752000002,Kizomba,,240,51,1592327331000178176,1592327332000178176
532,532.1784752000002,Kizomba,,240,52,1592327332000178176,1592327333000178176
533,533.1784752000002,Kizomba,,240,53,1592327333000178176,1592327334000178176
534,534.1784752000002,Kizomba,,240,54,1592327334000178176,1592327335000178176
535,535.1784752000002,Kizomba,,240,55,1592327335000178176,1592327336000178176
536,536.1784752000002,Kizomba,,240,56,1592327336000178176,1592327337000178176
537,537.1784752000002,Kizomba,,240,57,1592327337000178176,1592327338000178176
538,538.1784752000002,Kizomba,,240,58,1592327338000178176,1592327339000178176
539,539.1784752000002,Kizomba,,240,59,1592327339000178176,1592327340000178176
540,540.1784752000002,Kizomba,,240,60,1592327340000178176,1592327341000178176
541,541.1784752000002,Kizomba,,240,61,1592327341000178176,1592327342000178176
542,542.1784752000002,Kizomba,,240,62,1592327342000178176,1592327343000178176
543,543.1784752000002,Kizomba,,240,63,1592327343000178176,1592327344000178176
544,544.1784752000002,Kizomba,,240,64,1592327344000178176,1592327345000178176
545,545.1784752000002,Kizomba,,240,65,1592327345000178176,1592327346000178176
546,546.1784752000002,Kizomba,,240,66,1592327346000178176,1592327347000178176
547,547.1784752000002,Kizomba,,240,67,1592327347000178176,1592327348000178176
548,548.1784752000002,Kizomba,,240,68,1592327348000178176,1592327349000178176
549,549.1784752000002,Kizomba,,240,69,1592327349000178176,1592327350000178176
550,550.1784752000002,Kizomba,,240,70,1592327350000178176,1592327351000178176
551,551.1784752000002,Kizomba,,240,71,1592327351000178176,1592327352000178176
552,552.1784752000002,Kizomba,,240,72,1592327352000178176,1592327353000178176
553,553.1784752000002,Kizomba,,240,73,1592327353000178176,1592327354000178176
554,554.1784752000002,Kizomba,,240,74,1592327354000178176,1592327355000178176
555,555.1784752000002,Kizomba,,240,75,1592327355000178176,1592327356000178176
556,556.1784752000002,Kizomba,,240,76,1592327356000178176,1592327357000178176
557,557.1784752000002,Kizomba,,240,77,1592327357000178176,1592327358000178176
558,558.1784752000002,Kizomba,,240,78,1592327358000178176,1592327359000178176
559,559.1784752000002,Kizomba,,240,79,1592327359000178176,1592327360000178176
560,560.1784752000002,Kizomba,,240,80,1592327360000178176,1592327361000178176
561,561.1784752000002,Kizomba,,240,81,1592327361000178176,1592327362000178176
562,562.1784752000002,Kizomba,,240,82,1592327362000178176,1592327363000178176
563,563.1784752000002,Kizomba,,240,83,1592327363000178176,1592327364000178176
564,564.1784752000002,Kizomba,,240,84,1592327364000178176,1592327365000178176
565,565.1784752000002,Kizomba,,240,85,1592327365000178176,1592327366000178176
566,566.1784752000002,Kizomba,,240,86,1592327366000178176,1592327367000178176
567,567.1784752000002,Kizomba,,240,87,1592327367000178176,1592327368000178176
568,568.1784752000002,Kizomba,,240,88,1592327368000178176,1592327369000178176
569,569.1784752000002,Kizomba,,240,89,1592327369000178176,1592327370000178176
570,570.1784752000002,Kizomba,,240,90,1592327370000178176,1592327371000178176
571,571.1784752000002,Kizomba,,240,91,1592327371000178176,1592327372000178176
572,572.1784752000002,Kizomba,,240,92,1592327372000178176,1592327373000178176
573,573.1784752000002,Kizomba,,240,93,1592327373000178176,1592327374000178176
574,574.1784752000002,Kizomba,,240,94,1592327374000178176,1592327375000178176
575,575.1784752000002,Kizomba,,240,95,1592327375000178176,1592327376000178176
576,576.1784752000002,Kizomba,,240,96,1592327376000178176,1592327377000178176
577,577.1784752000002,Kizomba,,240,97,1592327377000178176,1592327378000178176
578,578.1784752000002,Kizomba,,240,98,1592327378000178176,1592327379000178176
579,579.1784752000002,Kizomba,,240,99,1592327379000178176,1592327380000178176
580,580.1784752000002,Kizomba,,240,100,1592327380000178176,1592327381000178176
581,581.1784752000002,Kizomba,,240,101,1592327381000178176,1592327382000178176
582,582.1784752000002,Kizomba,,240,102,1592327382000178176,1592327383000178176
583,583.1784752000002,Kizomba,,240,103,1592327383000178176,1592327384000178176
584,584.1784752000002,Kizomba,,240,104,1592327384000178176,1592327385000178176
585,585.1784752000002,Kizomba,,240,105,1592327385000178176,1592327386000178176
586,586.1784752000002,Kizomba,,240,106,1592327386000178176,1592327387000178176
587,587.1784752000002,Kizomba,,240,107,1592327387000178176,1592327388000178176
588,588.1784752000002,Kizomba,,240,108,1592327388000178176,1592327389000178176
589,589.1784752000002,Kizomba,,240,109,1592327389000178176,1592327390000178176
590,590.1784752000002,Kizomba,,240,110,1592327390000178176,1592327391000178176
591,591.1784752000002,Kizomba,,240,111,1592327391000178176,1592327392000178176
592,592.1784752000002,Kizomba,,240,112,1592327392000178176,1592327393000178176
593,593.1784752000002,Kizomba,,240,113,1592327393000178176,1592327394000178176
594,594.1784752000002,Kizomba,,240,114,1592327394000178176,1592327395000178176
595,595.1784752000002,Kizomba,,240,115,1592327395000178176,1592327396000178176
596,596.1784752000002,Kizomba,,240,116,1592327396000178176,1592327397000178176
597,597.1784752000002,Kizomba,,240,117,1592327397000178176,1592327398000178176
598,598.1784752000002,Kizomba,,240,118,1592327398000178176,1592327399000178176
599,599.1784752000002,Kizomba,,240,119,1592327399000178176,1592327400000178176
600,600.1784752000002,Kizomba,,240,120,1592327400000178176,1592327401000178176
601,601.1784752000002,Kizomba,,240,121,1592327401000178176,1592327402000178176
602,602.1784752000002,Kizomba,,240,122,1592327402000178176,1592327403000178176
603,603.1784752000002,Kizomba,,240,123,1592327403000178176,1592327404000178176
604,604.1784752000002,Kizomba,,240,124,1592327404000178176,1592327405000178176
605,605.1784752000002,Kizomba,,240,125,1592327405000178176,1592327406000178176
606,606.1784752000002,Kizomba,,240,126,1592327406000178176,1592327407000178176
607,607.1784752000002,Kizomba,,240,127,1592327407000178176,1592327408000178176
608,608.1784752000002,Kizomba,,240,128,1592327408000178176,1592327409000178176
609,609.1784752000002,Kizomba,,240,129,1592327409000178176,1592327410000178176
610,610.1784752000002,Kizomba,,240,130,1592327410000178176,1592327411000178176
611,611.1784752000002,Kizomba,,240,131,1592327411000178176,1592327412000178176
612,612.1784752000002,Kizomba,,240,132,1592327412000178176,1592327413000178176
613,613.1784752000002,Kizomba,,240,133,1592327413000178176,1592327414000178176
614,614.1784752000002,Kizomba,,240,134,1592327414000178176,1592327415000178176
615,615.1784752000002,Kizomba,,240,135,1592327415000178176,1592327416000178176
616,616.1784752000002,Kizomba,,240,136,1592327416000178176,1592327417000178176
617,617.1784752000002,Kizomba,,240,137,1592327417000178176,1592327418000178176
618,618.1784752000002,Kizomba,,240,138,1592327418000178176,1592327419000178176
619,619.1784752000002,Kizomba,,240,139,1592327419000178176,1592327420000178176
620,620.1784752000002,Kizomba,,240,140,1592327420000178176,1592327421000178176
621,621.1784752000002,Kizomba,,240,141,1592327421000178176,1592327422000178176
622,622.1784752000002,Kizomba,,240,142,1592327422000178176,1592327423000178176
623,623.1784752000002,Kizomba,,240,143,1592327423000178176,1592327424000178176
624,624.1784752000002,Kizomba,,240,144,1592327424000178176,1592327425000178176
625,625.1784752000002,Kizomba,,240,145,1592327425000178176,1592327426000178176
626,626.1784752000002,Kizomba,,240,146,1592327426000178176,1592327427000178176
627,627.1784752000002,Kizomba,,240,147,1592327427000178176,1592327428000178176
628,628.1784752000002,Kizomba,,240,148,1592327428000178176,1592327429000178176
629,629.1784752000002,Kizomba,,240,149,1592327429000178176,1592327430000178176
630,630.1784752000002,Kizomba,,240,150,1592327430000178176,1592327431000178176
631,631.1784752000002,Kizomba,,240,151,1592327431000178176,1592327432000178176
632,632.1784752000002,Kizomba,,240,152,1592327432000178176,1592327433000178176
633,633.1784752000002,Kizomba,,240,153,1592327433000178176,1592327434000178176
634,634.1784752000002,Kizomba,,240,154,1592327434000178176,1592327435000178176
635,635.1784752000002,Kizomba,,240,155,1592327435000178176,1592327436000178176
636,636.1784752000002,Kizomba,,240,156,1592327436000178176,1592327437000178176
637,637.1784752000002,Kizomba,,240,157,1592327437000178176,1592327438000178176
638,638.1784752000002,Kizomba,,240,158,1592327438000178176,1592327439000178176
639,639.1784752000002,Kizomba,,240,159,1592327439000178176,1592327440000178176
640,640.1784752000002,Kizomba,,240,160,1592327440000178176,1592327441000178176
641,641.1784752000002,Kizomba,,240,161,1592327441000178176,1592327442000178176
642,642.1784752000002,Kizomba,,240,162,1592327442000178176,1592327443000178176
643,643.1784752000002,Kizomba,,240,163,1592327443000178176,1592327444000178176
644,644.1784752000002,Kizomba,,240,164,1592327444000178176,1592327445000178176
645,645.1784752000002,Kizomba,,240,165,1592327445000178176,1592327446000178176
646,646.1784752000002,Kizomba,,240,166,1592327446000178176,1592327447000178176
647,647.1784752000002,Kizomba,,240,167,1592327447000178176,1592327448000178176
648,648.1784752000002,Kizomba,,240,168,1592327448000178176,1592327449000178176
649,649.1784752000002,Kizomba,,240,169,1592327449000178176,1592327450000178176
650,650.1784752000002,Kizomba,,240,170,1592327450000178176,1592327451000178176
651,651.1784752000002,Kizomba,,240,171,1592327451000178176,1592327452000178176
652,652.1784752000002,Kizomba,,240,172,1592327452000178176,1592327453000178176
653,653.1784752000002,Kizomba,,240,173,1592327453000178176,1592327454000178176
654,654.1784752000002,Kizomba,,240,174,1592327454000178176,1592327455000178176
655,655.1784752000002,Kizomba,,240,175,1592327455000178176,1592327456000178176
656,656.1784752000002,Kizomba,,240,176,1592327456000178176,1592327457000178176
657,657.1784752000002,Kizomba,,240,177,1592327457000178176,1592327458000178176
658,658.1784752000002,Kizomba,,240,178,1592327458000178176,1592327459000178176
659,659.1784752000002,Kizomba,,240,179,1592327459000178176,1592327460000178176
660,660.1784752000002,Kizomba,,240,180,1592327460000178176,1592327461000178176
661,661.1784752000002,Kizomba,,240,181,1592327461000178176,1592327462000178176
662,662.1784752000002,Kizomba,,240,182,1592327462000178176,1592327463000178176
663,663.1784752000002,Kizomba,,240,183,1592327463000178176,1592327464000178176
664,664.1784752000002,Kizomba,,240,184,1592327464000178176,1592327465000178176
665,665.1784752000002,Kizomba,,240,185,1592327465000178176,1592327466000178176
666,666.1784752000002,Kizomba,,240,186,1592327466000178176,1592327467000178176
667,667.1784752000002,Kizomba,,240,187,1592327467000178176,1592327468000178176
668,668.1784752000002,Kizomba,,240,188,1592327468000178176,1592327469000178176
669,669.1784752000002,Kizomba,,240,189,1592327469000178176,1592327470000178176
670,670.1784752000002,Kizomba,,240,190,1592327470000178176,1592327471000178176
671,671.1784752000002,Kizomba,,240,191,1592327471000178176,1592327472000178176
672,672.1784752000002,Kizomba,,240,192,1592327472000178176,1592327473000178176
673,673.1784752000002,Kizomba,,240,193,1592327473000178176,1592327474000178176
674,674.1784752000002,Kizomba,,240,194,1592327474000178176,1592327475000178176
675,675.1784752000002,Kizomba,,240,195,1592327475000178176,1592327476000178176
676,676.1784752000002,Kizomba,,240,196,1592327476000178176,1592327477000178176
677,677.1784752000002,Kizomba,,240,197,1592327477000178176,1592327478000178176
678,678.1784752000002,Kizomba,,240,198,1592327478000178176,1592327479000178176
679,679.1784752000002,Kizomba,,240,199,1592327479000178176,1592327480000178176
680,680.1784752000002,Kizomba,,240,200,1592327480000178176,1592327481000178176
681,681.1784752000002,Kizomba,,240,201,1592327481000178176,1592327482000178176
682,682.1784752000002,Kizomba,,240,202,1592327482000178176,1592327483000178176
683,683.1784752000002,Kizomba,,240,203,1592327483000178176,1592327484000178176
684,684.1784752000002,Kizomba,,240,204,1592327484000178176,1592327485000178176
685,685.1784752000002,Kizomba,,240,205,1592327485000178176,1592327486000178176
686,686.1784752000002,Kizomba,,240,206,1592327486000178176,1592327487000178176
687,687.1784752000002,Kizomba,,240,207,1592327487000178176,1592327488000178176
688,688.1784752000002,Kizomba,,240,208,1592327488000178176,1592327489000178176
689,689.1784752000002,Kizomba,,240,209,1592327489000178176,1592327490000178176
690,690.1784752000002,Kizomba,,240,210,1592327490000178176,1592327491000178176
691,691.1784752000002,Kizomba,,240,211,1592327491000178176,1592327492000178176
692,692.1784752000002,Kizomba,,240,212,1592327492000178176,1592327493000178176
693,693.1784752000002,Kizomba,,240,213,1592327493000178176,1592327494000178176
694,694.1784752000002,Kizomba,,240,214,1592327494000178176,1592327495000178176
695,695.1784752000002,Kizomba,,240,215,1592327495000178176,1592327496000178176
696,696.1784752000002,Kizomba,,240,216,1592327496000178176,1592327497000178176
697,697.1784752000002,Kizomba,,240,217,1592327497000178176,1592327498000178176
698,698.1784752000002,Kizomba,,240,218,1592327498000178176,1592327499000178176
699,699.1784752000002,Kizomba,,240,219,1592327499000178176,1592327500000178176
700,700.1784752000002,Kizomba,,240,220,1592327500000178176,1592327501000178176
701,701.1784752000002,Kizomba,,240,221,1592327501000178176,1592327502000178176
702,702.1784752000002,Kizomba,,240,222,1592327502000178176,1592327503000178176
703,703.1784752000002,Kizomba,,240,223,1592327503000178176,1592327504000178176
704,704.1784752000002,Kizomba,,240,224,1592327504000178176,1592327505000178176
705,705.1784752000002,Kizomba,,240,225,1592327505000178176,1592327506000178176
706,706.1784752000002,Kizomba,,240,226,1592327506000178176,1592327507000178176
707,707.1784752000002,Kizomba,,240,227,1592327507000178176,1592327508000178176
708,708.1784752000002,Kizomba,,240,228,1592327508000178176,1592327509000178176
709,709.1784752000002,Kizomba,,240,229,1592327509000178176,1592327510000178176
710,710.1784752000002,Kizomba,,240,230,1592327510000178176,1592327511000178176
711,711.1784752000002,Kizomba,,240,231,1592327511000178176,1592327512000178176
712,712.1784752000002,Kizomba,,240,232,1592327512000178176,1592327513000178176
713,713.1784752000002,Kizomba,,240,233,1592327513000178176,1592327514000178176
714,714.1784752000002,Kizomba,,240,234,1592327514000178176,1592327515000178176
715,715.1784752000002,Kizomba,,240,235,1592327515000178176,1592327516000178176
716,716.1784752000002,Kizomba,,240,236,1592327516000178176,1592327517000178176
717,717.1784752000002,Kizomba,,240,237,1592327517000178176,1592327518000178176
718,718.1784752000002,Kizomba,,240,238,1592327518000178176,1592327519000178176
719,719.1784752000002,Kizomba,,240,239,1592327519000178176,1592327520000178176
720,720.2573154,Salsa,,60,0,1592327520000257024,1592327521000257024
721,721.2573154,Salsa,,60,1,1592327521000257024,1592327522000257024
722,722.2573154,Salsa,,60,2,1592327522000257024,1592327523000257024
723,723.2573154,Salsa,,60,3,1592327523000257024,1592327524000257024
724,724.2573154,Salsa,,60,4,1592327524000257024,1592327525000257024
725,725.2573154,Salsa,,60,5,1592327525000257024,1592327526000257024
726,726.2573154,Salsa,,60,6,1592327526000257024,1592327527000257024
727,727.2573154,Salsa,,60,7,1592327527000257024,1592327528000257024
728,728.2573154,Salsa,,60,8,1592327528000257024,1592327529000257024
729,729.2573154,Salsa,,60,9,1592327529000257024,1592327530000257024
730,730.2573154,Salsa,,60,10,1592327530000257024,1592327531000257024
731,731.2573154,Salsa,,60,11,1592327531000257024,1592327532000257024
732,732.2573154,Salsa,,60,12,1592327532000257024,1592327533000257024
733,733.2573154,Salsa,,60,13,1592327533000257024,1592327534000257024
734,734.2573154,Salsa,,60,14,1592327534000257024,1592327535000257024
735,735.2573154,Salsa,,60,15,1592327535000257024,1592327536000257024
736,736.2573154,Salsa,,60,16,1592327536000257024,1592327537000257024
737,737.2573154,Salsa,,60,17,1592327537000257024,1592327538000257024
738,738.2573154,Salsa,,60,18,1592327538000257024,1592327539000257024
739,739.2573154,Salsa,,60,19,1592327539000257024,1592327540000257024
740,740.2573154,Salsa,,60,20,1592327540000257024,1592327541000257024
741,741.2573154,Salsa,,60,21,1592327541000257024,1592327542000257024
742,742.2573154,Salsa,,60,22,1592327542000257024,1592327543000257024
743,743.2573154,Salsa,,60,23,1592327543000257024,1592327544000257024
744,744.2573154,Salsa,,60,24,1592327544000257024,1592327545000257024
745,745.2573154,Salsa,,60,25,1592327545000257024,1592327546000257024
746,746.2573154,Salsa,,60,26,1592327546000257024,1592327547000257024
747,747.2573154,Salsa,,60,27,1592327547000257024,1592327548000257024
748,748.2573154,Salsa,,60,28,1592327548000257024,1592327549000257024
749,749.2573154,Salsa,,60,29,1592327549000257024,1592327550000257024
750,750.2573154,Salsa,,60,30,1592327550000257024,1592327551000257024
751,751.2573154,Salsa,,60,31,1592327551000257024,1592327552000257024
752,752.2573154,Salsa,,60,32,1592327552000257024,1592327553000257024
753,753.2573154,Salsa,,60,33,1592327553000257024,1592327554000257024
754,754.2573154,Salsa,,60,34,1592327554000257024,1592327555000257024
755,755.2573154,Salsa,,60,35,1592327555000257024,1592327556000257024
756,756.2573154,Salsa,,60,36,1592327556000257024,1592327557000257024
757,757.2573154,Salsa,,60,37,1592327557000257024,1592327558000257024
758,758.2573154,Salsa,,60,38,1592327558000257024,1592327559000257024
759,759.2573154,Salsa,,60,39,1592327559000257024,1592327560000257024
760,760.2573154,Salsa,,60,40,1592327560000257024,1592327561000257024
761,761.2573154,Salsa,,60,41,1592327561000257024,1592327562000257024
762,762.2573154,Salsa,,60,42,1592327562000257024,1592327563000257024
763,763.2573154,Salsa,,60,43,1592327563000257024,1592327564000257024
764,764.2573154,Salsa,,60,44,1592327564000257024,1592327565000257024
765,765.2573154,Salsa,,60,45,1592327565000257024,1592327566000257024
766,766.2573154,Salsa,,60,46,1592327566000257024,1592327567000257024
767,767.2573154,Salsa,,60,47,1592327567000257024,1592327568000257024
768,768.2573154,Salsa,,60,48,1592327568000257024,1592327569000257024
769,769.2573154,Salsa,,60,49,1592327569000257024,1592327570000257024
770,770.2573154,Salsa,,60,50,1592327570000257024,1592327571000257024
771,771.2573154,Salsa,,60,51,1592327571000257024,1592327572000257024
772,772.2573154,Salsa,,60,52,1592327572000257024,1592327573000257024
773,773.2573154,Salsa,,60,53,1592327573000257024,1592327574000257024
774,774.2573154,Salsa,,60,54,1592327574000257024,1592327575000257024
775,775.2573154,Salsa,,60,55,1592327575000257024,1592327576000257024
776,776.2573154,Salsa,,60,56,1592327576000257024,1592327577000257024
777,777.2573154,Salsa,,60,57,1592327577000257024,1592327578000257024
778,778.2573154,Salsa,,60,58,1592327578000257024,1592327579000257024
779,779.2573154,Salsa,,60,59,1592327579000257024,1592327580000257024
780,780.32155991,Bachata,,60,0,1592327580000321024,1592327581000321024
781,781.32155991,Bachata,,60,1,1592327581000321024,1592327582000321024
782,782.32155991,Bachata,,60,2,1592327582000321024,1592327583000321024
783,783.32155991,Bachata,,60,3,1592327583000321024,1592327584000321024
784,784.32155991,Bachata,,60,4,1592327584000321024,1592327585000321024
785,785.32155991,Bachata,,60,5,1592327585000321024,1592327586000321024
786,786.32155991,Bachata,,60,6,1592327586000321024,1592327587000321024
787,787.32155991,Bachata,,60,7,1592327587000321024,1592327588000321024
788,788.32155991,Bachata,,60,8,1592327588000321024,1592327589000321024
789,789.32155991,Bachata,,60,9,1592327589000321024,1592327590000321024
790,790.32155991,Bachata,,60,10,1592327590000321024,1592327591000321024
791,791.32155991,Bachata,,60,11,1592327591000321024,1592327592000321024
792,792.32155991,Bachata,,60,12,1592327592000321024,1592327593000321024
793,793.32155991,Bachata,,60,13,1592327593000321024,1592327594000321024
794,794.32155991,Bachata,,60,14,1592327594000321024,1592327595000321024
795,795.32155991,Bachata,,60,15,1592327595000321024,1592327596000321024
796,796.32155991,Bachata,,60,16,1592327596000321024,1592327597000321024
797,797.32155991,Bachata,,60,17,1592327597000321024,1592327598000321024
798,798.32155991,Bachata,,60,18,1592327598000321024,1592327599000321024
799,799.32155991,Bachata,,60,19,1592327599000321024,1592327600000321024
800,800.32155991,Bachata,,60,20,1592327600000321024,1592327601000321024
801,801.32155991,Bachata,,60,21,1592327601000321024,1592327602000321024
802,802.32155991,Bachata,,60,22,1592327602000321024,1592327603000321024
803,803.32155991,Bachata,,60,23,1592327603000321024,1592327604000321024
804,804.32155991,Bachata,,60,24,1592327604000321024,1592327605000321024
805,805.32155991,Bachata,,60,25,1592327605000321024,1592327606000321024
806,806.32155991,Bachata,,60,26,1592327606000321024,1592327607000321024
807,807.32155991,Bachata,,60,27,1592327607000321024,1592327608000321024
808,808.32155991,Bachata,,60,28,1592327608000321024,1592327609000321024
809,809.32155991,Bachata,,60,29,1592327609000321024,1592327610000321024
810,810.32155991,Bachata,,60,30,1592327610000321024,1592327611000321024
811,811.32155991,Bachata,,60,31,1592327611000321024,1592327612000321024
812,812.32155991,Bachata,,60,32,1592327612000321024,1592327613000321024
813,813.32155991,Bachata,,60,33,1592327613000321024,1592327614000321024
814,814.32155991,Bachata,,60,34,1592327614000321024,1592327615000321024
815,815.32155991,Bachata,,60,35,1592327615000321024,1592327616000321024
816,816.32155991,Bachata,,60,36,1592327616000321024,1592327617000321024
817,817.32155991,Bachata,,60,37,1592327617000321024,1592327618000321024
818,818.32155991,Bachata,,60,38,1592327618000321024,1592327619000321024
819,819.32155991,Bachata,,60,39,1592327619000321024,1592327620000321024
820,820.32155991,Bachata,,60,40,1592327620000321024,1592327621000321024
821,821.32155991,Bachata,,60,41,1592327621000321024,1592327622000321024
822,822.32155991,Bachata,,60,42,1592327622000321024,1592327623000321024
823,823.32155991,Bachata,,60,43,1592327623000321024,1592327624000321024
824,824.32155991,Bachata,,60,44,1592327624000321024,1592327625000321024
825,825.32155991,Bachata,,60,45,1592327625000321024,1592327626000321024
826,826.32155991,Bachata,,60,46,1592327626000321024,1592327627000321024
827,827.32155991,Bachata,,60,47,1592327627000321024,1592327628000321024
828,828.32155991,Bachata,,60,48,1592327628000321024,1592327629000321024
829,829.32155991,Bachata,,60,49,1592327629000321024,1592327630000321024
830,830.32155991,Bachata,,60,50,1592327630000321024,1592327631000321024
831,831.32155991,Bachata,,60,51,1592327631000321024,1592327632000321024
832,832.32155991,Bachata,,60,52,1592327632000321024,1592327633000321024
833,833.32155991,Bachata,,60,53,1592327633000321024,1592327634000321024
834,834.32155991,Bachata,,60,54,1592327634000321024,1592327635000321024
835,835.32155991,Bachata,,60,55,1592327635000321024,1592327636000321024
836,836.32155991,Bachata,,60,56,1592327636000321024,1592327637000321024
837,837.32155991,Bachata,,60,57,1592327637000321024,1592327638000321024
838,838.32155991,Bachata,,60,58,1592327638000321024,1592327639000321024
839,839.32155991,Bachata,,60,59,1592327639000321024,1592327640000321024
840,853.27955991,Kizomba,,60,0,1592327653000279040,1592327654000279040
841,854.27955991,Kizomba,,60,1,1592327654000279040,1592327655000279040
842,855.27955991,Kizomba,,60,2,1592327655000279040,1592327656000279040
843,856.27955991,Kizomba,,60,3,1592327656000279040,1592327657000279040
844,857.27955991,Kizomba,,60,4,1592327657000279040,1592327658000279040
845,858.27955991,Kizomba,,60,5,1592327658000279040,1592327659000279040
846,859.27955991,Kizomba,,60,6,1592327659000279040,1592327660000279040
847,860.27955991,Kizomba,,60,7,1592327660000279040,1592327661000279040
848,861.27955991,Kizomba,,60,8,1592327661000279040,1592327662000279040
849,862.27955991,Kizomba,,60,9,1592327662000279040,1592327663000279040
850,863.27955991,Kizomba,,60,10,1592327663000279040,1592327664000279040
851,864.27955991,Kizomba,,60,11,1592327664000279040,1592327665000279040
852,865.27955991,Kizomba,,60,12,1592327665000279040,1592327666000279040
853,866.27955991,Kizomba,,60,13,1592327666000279040,1592327667000279040
854,867.27955991,Kizomba,,60,14,1592327667000279040,1592327668000279040
855,868.27955991,Kizomba,,60,15,1592327668000279040,1592327669000279040
856,869.27955991,Kizomba,,60,16,1592327669000279040,1592327670000279040
857,870.27955991,Kizomba,,60,17,1592327670000279040,1592327671000279040
858,871.27955991,Kizomba,,60,18,1592327671000279040,1592327672000279040
859,872.27955991,Kizomba,,60,19,1592327672000279040,1592327673000279040
860,873.27955991,Kizomba,,60,20,1592327673000279040,1592327674000279040
861,874.27955991,Kizomba,,60,21,1592327674000279040,1592327675000279040
862,875.27955991,Kizomba,,60,22,1592327675000279040,1592327676000279040
863,876.27955991,Kizomba,,60,23,1592327676000279040,1592327677000279040
864,877.27955991,Kizomba,,60,24,1592327677000279040,1592327678000279040
865,878.27955991,Kizomba,,60,25,1592327678000279040,1592327679000279040
866,879.27955991,Kizomba,,60,26,1592327679000279040,1592327680000279040
867,880.27955991,Kizomba,,60,27,1592327680000279040,1592327681000279040
868,881.27955991,Kizomba,,60,28,1592327681000279040,1592327682000279040
869,882.27955991,Kizomba,,60,29,1592327682000279040,1592327683000279040
870,883.27955991,Kizomba,,60,30,1592327683000279040,1592327684000279040
871,884.27955991,Kizomba,,60,31,1592327684000279040,1592327685000279040
872,885.27955991,Kizomba,,60,32,1592327685000279040,1592327686000279040
873,886.27955991,Kizomba,,60,33,1592327686000279040,1592327687000279040
874,887.27955991,Kizomba,,60,34,1592327687000279040,1592327688000279040
875,888.27955991,Kizomba,,60,35,1592327688000279040,1592327689000279040
876,889.27955991,Kizomba,,60,36,1592327689000279040,1592327690000279040
877,890.27955991,Kizomba,,60,37,1592327690000279040,1592327691000279040
878,891.27955991,Kizomba,,60,38,1592327691000279040,1592327692000279040
879,892.27955991,Kizomba,,60,39,1592327692000279040,1592327693000279040
880,893.27955991,Kizomba,,60,40,1592327693000279040,1592327694000279040
881,894.27955991,Kizomba,,60,41,1592327694000279040,1592327695000279040
882,895.27955991,Kizomba,,60,42,1592327695000279040,1592327696000279040
883,896.27955991,Kizomba,,60,43,1592327696000279040,1592327697000279040
884,897.27955991,Kizomba,,60,44,1592327697000279040,1592327698000279040
885,898.27955991,Kizomba,,60,45,1592327698000279040,1592327699000279040
886,899.27955991,Kizomba,,60,46,1592327699000279040,1592327700000279040
887,900.27955991,Kizomba,,60,47,1592327700000279040,1592327701000279040
888,901.27955991,Kizomba,,60,48,1592327701000279040,1592327702000279040
889,902.27955991,Kizomba,,60,49,1592327702000279040,1592327703000279040
890,903.27955991,Kizomba,,60,50,1592327703000279040,1592327704000279040
891,904.27955991,Kizomba,,60,51,1592327704000279040,1592327705000279040
892,905.27955991,Kizomba,,60,52,1592327705000279040,1592327706000279040
893,906.27955991,Kizomba,,60,53,1592327706000279040,1592327707000279040
894,907.27955991,Kizomba,,60,54,1592327707000279040,1592327708000279040
895,908.27955991,Kizomba,,60,55,1592327708000279040,1592327709000279040
896,909.27955991,Kizomba,,60,56,1592327709000279040,1592327710000279040
897,910.27955991,Kizomba,,60,57,1592327710000279040,1592327711000279040
898,911.27955991,Kizomba,,60,58,1592327711000279040,1592327712000279040
899,912.27955991,Kizomba,,60,59,1592327712000279040,1592327713000279040
